
USE QUESERA;


-- SE INSERTAN LOS DATOS EN LA TABLA DE CLIENTES

INSERT INTO QUESERA.CLIENTE (ID_CLIENTE,DNI_CLI, NOMBRE_CLI,APELLIDO_CLI, DIRECCION_CLI,TELEFONO_CLI, CORREO_CLI, COD_POST_CLI) VALUES (1,11111111,'Antonio','Trejo','Calle 01 casa 23',2215458821,'atrejo@correo.com',1900);
INSERT INTO QUESERA.CLIENTE (ID_CLIENTE,DNI_CLI, NOMBRE_CLI,APELLIDO_CLI, DIRECCION_CLI,TELEFONO_CLI, CORREO_CLI, COD_POST_CLI) VALUES (2,22222222,'Luis','Prado','Calle 15 casa 20',2215625530,'lprado@correo.com',1900);
INSERT INTO QUESERA.CLIENTE (ID_CLIENTE,DNI_CLI, NOMBRE_CLI,APELLIDO_CLI, DIRECCION_CLI,TELEFONO_CLI, CORREO_CLI, COD_POST_CLI) VALUES (3,33333333,'Juan','Pareto','Calle 10 casa 32',1115458825,'jpareto@correo.com',1901);
INSERT INTO QUESERA.CLIENTE (ID_CLIENTE,DNI_CLI, NOMBRE_CLI,APELLIDO_CLI, DIRECCION_CLI,TELEFONO_CLI, CORREO_CLI, COD_POST_CLI) VALUES (4,44444444,'Carlos','Rojas','Calle 21 casa 23',2215465236,'crojas@correo.com',1900);
INSERT INTO QUESERA.CLIENTE (ID_CLIENTE,DNI_CLI, NOMBRE_CLI,APELLIDO_CLI, DIRECCION_CLI,TELEFONO_CLI, CORREO_CLI, COD_POST_CLI) VALUES (5,55555555,'Jose','Cabrera','Calle 15 casa 12',1153625550,'jcabrera@correo.com',1900);
INSERT INTO QUESERA.CLIENTE (ID_CLIENTE,DNI_CLI, NOMBRE_CLI,APELLIDO_CLI, DIRECCION_CLI,TELEFONO_CLI, CORREO_CLI, COD_POST_CLI) VALUES (6,66666666,'Miguel','Tineo','Calle 20 casa 13',2213685228,'mtineo@correo.com',1903);
INSERT INTO QUESERA.CLIENTE (ID_CLIENTE,DNI_CLI, NOMBRE_CLI,APELLIDO_CLI, DIRECCION_CLI,TELEFONO_CLI, CORREO_CLI, COD_POST_CLI) VALUES (7,77777777,'Felipe','Flores','Calle 12 casa 60',2215420145,'ffores@correo.com',1902);
INSERT INTO QUESERA.CLIENTE (ID_CLIENTE,DNI_CLI, NOMBRE_CLI,APELLIDO_CLI, DIRECCION_CLI,TELEFONO_CLI, CORREO_CLI, COD_POST_CLI) VALUES (8,88888888,'German','Garcias','Calle 08 casa 01',2216352428,'ggarcias@correo.com',1902);
INSERT INTO QUESERA.CLIENTE (ID_CLIENTE,DNI_CLI, NOMBRE_CLI,APELLIDO_CLI, DIRECCION_CLI,TELEFONO_CLI, CORREO_CLI, COD_POST_CLI) VALUES (9,99999999,'Maria','Rivera','Calle 15 casa 45',2320255588,'mrivera@correo.com',1900);
INSERT INTO QUESERA.CLIENTE (ID_CLIENTE,DNI_CLI, NOMBRE_CLI,APELLIDO_CLI, DIRECCION_CLI,TELEFONO_CLI, CORREO_CLI, COD_POST_CLI) VALUES (10,11111112,'Carmen','Gutierrez','Calle 10 casa 15',2215663332,'cgutierrez@correo.com',1900);
INSERT INTO QUESERA.CLIENTE (ID_CLIENTE,DNI_CLI, NOMBRE_CLI,APELLIDO_CLI, DIRECCION_CLI,TELEFONO_CLI, CORREO_CLI, COD_POST_CLI) VALUES (11,22222223,'Luisa','Diaz','Calle 19 casa 53',1125687852,'ldiaz@correo.com',1900);
INSERT INTO QUESERA.CLIENTE (ID_CLIENTE,DNI_CLI, NOMBRE_CLI,APELLIDO_CLI, DIRECCION_CLI,TELEFONO_CLI, CORREO_CLI, COD_POST_CLI) VALUES (12,33333334,'Fermin','Rodriguez','Calle 25 casa 22',2215685542,'frodriguez@correo.com',1903);
INSERT INTO QUESERA.CLIENTE (ID_CLIENTE,DNI_CLI, NOMBRE_CLI,APELLIDO_CLI, DIRECCION_CLI,TELEFONO_CLI, CORREO_CLI, COD_POST_CLI) VALUES (13,44444445,'Nicolas','Martinez','Calle 20 casa 40',2215698855,'nmartinez@correo.com',1900);
INSERT INTO QUESERA.CLIENTE (ID_CLIENTE,DNI_CLI, NOMBRE_CLI,APELLIDO_CLI, DIRECCION_CLI,TELEFONO_CLI, CORREO_CLI, COD_POST_CLI) VALUES (14,55555556,'Karla','Rojas','Calle 30 casa 25',2214778569,'krojas@correo.com',1903);
INSERT INTO QUESERA.CLIENTE (ID_CLIENTE,DNI_CLI, NOMBRE_CLI,APELLIDO_CLI, DIRECCION_CLI,TELEFONO_CLI, CORREO_CLI, COD_POST_CLI) VALUES (15,66666667,'Maria','Tirado','Calle 11 casa 32',1125586230,'mtirado@correo.com',1900);
INSERT INTO QUESERA.CLIENTE (ID_CLIENTE,DNI_CLI, NOMBRE_CLI,APELLIDO_CLI, DIRECCION_CLI,TELEFONO_CLI, CORREO_CLI, COD_POST_CLI) VALUES (16,77777778,'Miguel','Cabrera','Calle 08 casa 52',2212569843,'mcabrera@correo.com',1900);
INSERT INTO QUESERA.CLIENTE (ID_CLIENTE,DNI_CLI, NOMBRE_CLI,APELLIDO_CLI, DIRECCION_CLI,TELEFONO_CLI, CORREO_CLI, COD_POST_CLI) VALUES (17,88888889,'Jose','Lezama','Calle 05 casa 23',2325556525,'jlezama@correo.com',1900);
INSERT INTO QUESERA.CLIENTE (ID_CLIENTE,DNI_CLI, NOMBRE_CLI,APELLIDO_CLI, DIRECCION_CLI,TELEFONO_CLI, CORREO_CLI, COD_POST_CLI) VALUES (18,99999990,'Feipe','Aguilera','Calle 01 casa 05',2212323236,'faguilera@correo.com',1900);
INSERT INTO QUESERA.CLIENTE (ID_CLIENTE,DNI_CLI, NOMBRE_CLI,APELLIDO_CLI, DIRECCION_CLI,TELEFONO_CLI, CORREO_CLI, COD_POST_CLI) VALUES (19,11111123,'Angel','Torres','Calle 23 casa 51',1125693665,'atorres@correo.com',1900);
INSERT INTO QUESERA.CLIENTE (ID_CLIENTE,DNI_CLI, NOMBRE_CLI,APELLIDO_CLI, DIRECCION_CLI,TELEFONO_CLI, CORREO_CLI, COD_POST_CLI) VALUES (20,22222234,'Alberto','Farias','Calle 11 casa 13',2215458800,'afarias@correo.com',1900);
INSERT INTO QUESERA.CLIENTE (ID_CLIENTE,DNI_CLI, NOMBRE_CLI,APELLIDO_CLI, DIRECCION_CLI,TELEFONO_CLI, CORREO_CLI, COD_POST_CLI) VALUES (21,33333345,'Mario','Ramirez','Calle 01 casa 02',2215400255,'mramirez@correo.com',1905);
INSERT INTO QUESERA.CLIENTE (ID_CLIENTE,DNI_CLI, NOMBRE_CLI,APELLIDO_CLI, DIRECCION_CLI,TELEFONO_CLI, CORREO_CLI, COD_POST_CLI) VALUES (22,44444456,'Fernando','Lopez','Calle 18 casa 09',2215802150,'flopez@correo.com',1902);
INSERT INTO QUESERA.CLIENTE (ID_CLIENTE,DNI_CLI, NOMBRE_CLI,APELLIDO_CLI, DIRECCION_CLI,TELEFONO_CLI, CORREO_CLI, COD_POST_CLI) VALUES (23,55555567,'Francisco','Millan','Calle 05 casa 33',2215468985,'fmillan@correo.com',1901);
INSERT INTO QUESERA.CLIENTE (ID_CLIENTE,DNI_CLI, NOMBRE_CLI,APELLIDO_CLI, DIRECCION_CLI,TELEFONO_CLI, CORREO_CLI, COD_POST_CLI) VALUES (24,66666678,'Juan','Figueroa','Calle 19 casa 20',2216359696,'jfigueroa@correo.com',1900);
INSERT INTO QUESERA.CLIENTE (ID_CLIENTE,DNI_CLI, NOMBRE_CLI,APELLIDO_CLI, DIRECCION_CLI,TELEFONO_CLI, CORREO_CLI, COD_POST_CLI) VALUES (25,77777789,'Julian','Lemus','Calle 03 casa 23',2217532636,'jlemus@correo.com',1900);
INSERT INTO QUESERA.CLIENTE (ID_CLIENTE,DNI_CLI, NOMBRE_CLI,APELLIDO_CLI, DIRECCION_CLI,TELEFONO_CLI, CORREO_CLI, COD_POST_CLI) VALUES (26,88888890,'Pedro','Lezama','Calle 05 casa 57',2216356363,'plezama@correo.com',1900);
INSERT INTO QUESERA.CLIENTE (ID_CLIENTE,DNI_CLI, NOMBRE_CLI,APELLIDO_CLI, DIRECCION_CLI,TELEFONO_CLI, CORREO_CLI, COD_POST_CLI) VALUES (27,99999991,'Federico','Rodriguez','Calle 15 casa 12',2215821218,'frodriguez@correo.com',1900);
INSERT INTO QUESERA.CLIENTE (ID_CLIENTE,DNI_CLI, NOMBRE_CLI,APELLIDO_CLI, DIRECCION_CLI,TELEFONO_CLI, CORREO_CLI, COD_POST_CLI) VALUES (28,11111234,'Carlos','Ribas','Calle 21 casa 53',2216265855,'cribas@correo.com',1903);
INSERT INTO QUESERA.CLIENTE (ID_CLIENTE,DNI_CLI, NOMBRE_CLI,APELLIDO_CLI, DIRECCION_CLI,TELEFONO_CLI, CORREO_CLI, COD_POST_CLI) VALUES (29,22222345,'Mariana','Diaz','Calle 31 casa 33',1125458800,'mdiaz@correo.com',1903);
INSERT INTO QUESERA.CLIENTE (ID_CLIENTE,DNI_CLI, NOMBRE_CLI,APELLIDO_CLI, DIRECCION_CLI,TELEFONO_CLI, CORREO_CLI, COD_POST_CLI) VALUES (30,33333456,'Flor',	'Nunez','Calle 08 casa 26',2215455602,'fnunez@corrreo.com',1900);



-- SE INSERTAN LOS DATOS EN LA TABLA DE PROVEEDORES

INSERT INTO QUESERA.PROVEEDOR (ID_PROVEEDOR,CUIT_PROV,NOMBRE_PROV,DIRECCION_PROV, TELEFONO_PROV,CORREO_PROV, COD_POST_PROV, CONTACTO_PROV) VALUES (1,30002550361,'Provee_01','Calle 01 casa 23',2215452121,'Provee_01@correo.com',1901,'Alberto Luna');
INSERT INTO QUESERA.PROVEEDOR (ID_PROVEEDOR,CUIT_PROV,NOMBRE_PROV,DIRECCION_PROV, TELEFONO_PROV,CORREO_PROV, COD_POST_PROV, CONTACTO_PROV) VALUES (2,30002565061,'Provee_02','Calle 15 casa 20',2215625530,'Provee_02@correo.com',1902,'Federico Rojas');
INSERT INTO QUESERA.PROVEEDOR (ID_PROVEEDOR,CUIT_PROV,NOMBRE_PROV,DIRECCION_PROV, TELEFONO_PROV,CORREO_PROV, COD_POST_PROV, CONTACTO_PROV) VALUES (3,30002550325,'Provee_03','Calle 10 casa 32',1115458825,'Provee_03@correo.com',1901,'Luis Prado');
INSERT INTO QUESERA.PROVEEDOR (ID_PROVEEDOR,CUIT_PROV,NOMBRE_PROV,DIRECCION_PROV, TELEFONO_PROV,CORREO_PROV, COD_POST_PROV, CONTACTO_PROV) VALUES (4,30002550361,'Provee_04','Calle 21 casa 23',2215465236,'Provee_04@correo.com',1900,'Carlos Lopez');
INSERT INTO QUESERA.PROVEEDOR (ID_PROVEEDOR,CUIT_PROV,NOMBRE_PROV,DIRECCION_PROV, TELEFONO_PROV,CORREO_PROV, COD_POST_PROV, CONTACTO_PROV) VALUES (5,30052050361,'Provee_05','Calle 15 casa 12',1153625550,'Provee_05@correo.com',1900,'Angel Ribas');
INSERT INTO QUESERA.PROVEEDOR (ID_PROVEEDOR,CUIT_PROV,NOMBRE_PROV,DIRECCION_PROV, TELEFONO_PROV,CORREO_PROV, COD_POST_PROV, CONTACTO_PROV) VALUES (6,30002555633,'Provee_06','Calle 20 casa 13',2213685228,'Provee_06@correo.com',1900,'Rolando Luna');
INSERT INTO QUESERA.PROVEEDOR (ID_PROVEEDOR,CUIT_PROV,NOMBRE_PROV,DIRECCION_PROV, TELEFONO_PROV,CORREO_PROV, COD_POST_PROV, CONTACTO_PROV) VALUES (7,30002563589,'Provee_07','Calle 12 casa 60',2215420145,'Provee_07@correo.com',1903,'Carlos Perez');
INSERT INTO QUESERA.PROVEEDOR (ID_PROVEEDOR,CUIT_PROV,NOMBRE_PROV,DIRECCION_PROV, TELEFONO_PROV,CORREO_PROV, COD_POST_PROV, CONTACTO_PROV) VALUES (8,30036589648,'Provee_08','Calle 08 casa 01',2216352428,'Provee_08@correo.com',1903,'Nino Ruiz');
INSERT INTO QUESERA.PROVEEDOR (ID_PROVEEDOR,CUIT_PROV,NOMBRE_PROV,DIRECCION_PROV, TELEFONO_PROV,CORREO_PROV, COD_POST_PROV, CONTACTO_PROV) VALUES (9,30002598989,'Provee_09','Calle 15 casa 45',2320255588,'Provee_09@correo.com',1903,'Miguel Cuevas');
INSERT INTO QUESERA.PROVEEDOR (ID_PROVEEDOR,CUIT_PROV,NOMBRE_PROV,DIRECCION_PROV, TELEFONO_PROV,CORREO_PROV, COD_POST_PROV, CONTACTO_PROV) VALUES (10,30252525355,'Provee_10','Calle 10 casa 15',2215663332,'Provee_10@correo.com',1900,'Leandro Nieves');
INSERT INTO QUESERA.PROVEEDOR (ID_PROVEEDOR,CUIT_PROV,NOMBRE_PROV,DIRECCION_PROV, TELEFONO_PROV,CORREO_PROV, COD_POST_PROV, CONTACTO_PROV) VALUES (11,30002578787,'Provee_11','Calle 19 casa 53',1125687852,'Provee_11@correo.com',1900,'Pedro Perez');
INSERT INTO QUESERA.PROVEEDOR (ID_PROVEEDOR,CUIT_PROV,NOMBRE_PROV,DIRECCION_PROV, TELEFONO_PROV,CORREO_PROV, COD_POST_PROV, CONTACTO_PROV) VALUES (12,30065895223,'Provee_12','Calle 25 casa 22',2215685542,'Provee_12@correo.com',1900,'Angel Perez');
INSERT INTO QUESERA.PROVEEDOR (ID_PROVEEDOR,CUIT_PROV,NOMBRE_PROV,DIRECCION_PROV, TELEFONO_PROV,CORREO_PROV, COD_POST_PROV, CONTACTO_PROV) VALUES (13,30063698582,'Provee_13','Calle 20 casa 40',2215698855,'Provee_13@correo.com',1900,'Luis Sanchez');
INSERT INTO QUESERA.PROVEEDOR (ID_PROVEEDOR,CUIT_PROV,NOMBRE_PROV,DIRECCION_PROV, TELEFONO_PROV,CORREO_PROV, COD_POST_PROV, CONTACTO_PROV) VALUES (14,30063589563,'Provee_14','Calle 30 casa 25',2214778569,'Provee_14@correo.com',1900,'Antonio Ruiz');
INSERT INTO QUESERA.PROVEEDOR (ID_PROVEEDOR,CUIT_PROV,NOMBRE_PROV,DIRECCION_PROV, TELEFONO_PROV,CORREO_PROV, COD_POST_PROV, CONTACTO_PROV) VALUES (15,30236599563,'Provee_15','Calle 11 casa 32',1125586230,'Provee_15@correo.com',1900,'Maria Lara');
INSERT INTO QUESERA.PROVEEDOR (ID_PROVEEDOR,CUIT_PROV,NOMBRE_PROV,DIRECCION_PROV, TELEFONO_PROV,CORREO_PROV, COD_POST_PROV, CONTACTO_PROV) VALUES (16,30002369580,'Provee_16','Calle 08 casa 52',2212569843,'Provee_16@correo.com',1903,'Fabian Moreno');
INSERT INTO QUESERA.PROVEEDOR (ID_PROVEEDOR,CUIT_PROV,NOMBRE_PROV,DIRECCION_PROV, TELEFONO_PROV,CORREO_PROV, COD_POST_PROV, CONTACTO_PROV) VALUES (17,33265915200,'Provee_17','Calle 05 casa 23',2325556525,'Provee_17@correo.com',1903,'Maria Cabrera');
INSERT INTO QUESERA.PROVEEDOR (ID_PROVEEDOR,CUIT_PROV,NOMBRE_PROV,DIRECCION_PROV, TELEFONO_PROV,CORREO_PROV, COD_POST_PROV, CONTACTO_PROV) VALUES (18,30098646239,'Provee_18','Calle 01 casa 05',2212323236,'Provee_18@correo.com',1903,'Mariana Ortiz');
INSERT INTO QUESERA.PROVEEDOR (ID_PROVEEDOR,CUIT_PROV,NOMBRE_PROV,DIRECCION_PROV, TELEFONO_PROV,CORREO_PROV, COD_POST_PROV, CONTACTO_PROV) VALUES (19,30002536996,'Provee_19','Calle 23 casa 51',1125693665,'Provee_19@correo.com',1903,'Jose Lara');
INSERT INTO QUESERA.PROVEEDOR (ID_PROVEEDOR,CUIT_PROV,NOMBRE_PROV,DIRECCION_PROV, TELEFONO_PROV,CORREO_PROV, COD_POST_PROV, CONTACTO_PROV) VALUES (20,30036528956,'Provee_20','Calle 11 casa 13',2215458800,'Provee_20@correo.com',1903,'Miguel Lopez');
INSERT INTO QUESERA.PROVEEDOR (ID_PROVEEDOR,CUIT_PROV,NOMBRE_PROV,DIRECCION_PROV, TELEFONO_PROV,CORREO_PROV, COD_POST_PROV, CONTACTO_PROV) VALUES (21,30002515698,'Provee_21','Calle 01 casa 02',2215400255,'Provee_21@correo.com',1903,'Maria Farias');
INSERT INTO QUESERA.PROVEEDOR (ID_PROVEEDOR,CUIT_PROV,NOMBRE_PROV,DIRECCION_PROV, TELEFONO_PROV,CORREO_PROV, COD_POST_PROV, CONTACTO_PROV) VALUES (22,30032659863,'Provee_22','Calle 18 casa 09',2215802150,'Provee_22@correo.com',1902,'Luisa Veliz');
INSERT INTO QUESERA.PROVEEDOR (ID_PROVEEDOR,CUIT_PROV,NOMBRE_PROV,DIRECCION_PROV, TELEFONO_PROV,CORREO_PROV, COD_POST_PROV, CONTACTO_PROV) VALUES (23,30002552589,'Provee_23','Calle 05 casa 33',2215468985,'Provee_23@correo.com',1902,'Vanesa Lira');
INSERT INTO QUESERA.PROVEEDOR (ID_PROVEEDOR,CUIT_PROV,NOMBRE_PROV,DIRECCION_PROV, TELEFONO_PROV,CORREO_PROV, COD_POST_PROV, CONTACTO_PROV) VALUES (24,30363962565,'Provee_24','Calle 19 casa 20',2216359696,'Provee_24@correo.com',1901,'Pedro Lunar');
INSERT INTO QUESERA.PROVEEDOR (ID_PROVEEDOR,CUIT_PROV,NOMBRE_PROV,DIRECCION_PROV, TELEFONO_PROV,CORREO_PROV, COD_POST_PROV, CONTACTO_PROV) VALUES (25,30063698563,'Provee_25','Calle 03 casa 23',2217532636,'Provee_25@correo.com',1903,'Fabricio Perez');
INSERT INTO QUESERA.PROVEEDOR (ID_PROVEEDOR,CUIT_PROV,NOMBRE_PROV,DIRECCION_PROV, TELEFONO_PROV,CORREO_PROV, COD_POST_PROV, CONTACTO_PROV) VALUES (26,30003232656,'Provee_26','Calle 05 casa 57',2216356363,'Provee_26@correo.com',1901,'Alberto Rojas');
INSERT INTO QUESERA.PROVEEDOR (ID_PROVEEDOR,CUIT_PROV,NOMBRE_PROV,DIRECCION_PROV, TELEFONO_PROV,CORREO_PROV, COD_POST_PROV, CONTACTO_PROV) VALUES (27,30002365745,'Provee_27','Calle 15 casa 12',2215821218,'Provee_27@correo.com',1901,'Juan Diaz');
INSERT INTO QUESERA.PROVEEDOR (ID_PROVEEDOR,CUIT_PROV,NOMBRE_PROV,DIRECCION_PROV, TELEFONO_PROV,CORREO_PROV, COD_POST_PROV, CONTACTO_PROV) VALUES (28,30545454855,'Provee_28','Calle 21 casa 53',2216265855,'Provee_28@correo.com',1900,'Gabriel Ribas');
INSERT INTO QUESERA.PROVEEDOR (ID_PROVEEDOR,CUIT_PROV,NOMBRE_PROV,DIRECCION_PROV, TELEFONO_PROV,CORREO_PROV, COD_POST_PROV, CONTACTO_PROV) VALUES (29,30365200011,'Provee_29','Calle 31 casa 33',1125458800,'Provee_29@correo.com',1902,'Pedro Perez');
INSERT INTO QUESERA.PROVEEDOR (ID_PROVEEDOR,CUIT_PROV,NOMBRE_PROV,DIRECCION_PROV, TELEFONO_PROV,CORREO_PROV, COD_POST_PROV, CONTACTO_PROV) VALUES (30,30002523565,'Provee_30','Calle 08 casa 26',2215455602,'Provee_30@correo.com',1903,'Luis Lopez');



-- SE INSERTAN LOS DATOS EN LA TABLA DE TIPO_ALMACEN

INSERT INTO QUESERA.TIPO_ALMACEN (ID_TIPO_ALMACEN,TIPO_ALMACEN,DETALLE_ALMACEN) VALUES (1,'Materia Prima','Materia Prima para Produccion');
INSERT INTO QUESERA.TIPO_ALMACEN (ID_TIPO_ALMACEN,TIPO_ALMACEN,DETALLE_ALMACEN) VALUES (2,'Producto Terminado','Producto Terminado despues de Produccion');
INSERT INTO QUESERA.TIPO_ALMACEN (ID_TIPO_ALMACEN,TIPO_ALMACEN,DETALLE_ALMACEN) VALUES (3,'Deposito','Deposito de Productos Terminados');
INSERT INTO QUESERA.TIPO_ALMACEN (ID_TIPO_ALMACEN,TIPO_ALMACEN,DETALLE_ALMACEN) VALUES (4,'Material de Empaque','Material de empaque para productos terminados');


-- SE INSERTAN LOS DATOS EN LA TABLA DE ALMACEN

INSERT INTO QUESERA.ALMACEN (ID_ALMACEN,NOMBRE_ALMACEN,AREA_ALMACEN,VOLUMEN_ALMACEN,TEMP_ALMACENINT,ID_TIPO_ALMACEN) VALUES (1,'Materia Prima 01',500,10000,3,1);
INSERT INTO QUESERA.ALMACEN (ID_ALMACEN,NOMBRE_ALMACEN,AREA_ALMACEN,VOLUMEN_ALMACEN,TEMP_ALMACENINT,ID_TIPO_ALMACEN) VALUES (2,'Materia Prima 02',500,10000,5,1);
INSERT INTO QUESERA.ALMACEN (ID_ALMACEN,NOMBRE_ALMACEN,AREA_ALMACEN,VOLUMEN_ALMACEN,TEMP_ALMACENINT,ID_TIPO_ALMACEN) VALUES (3,'Materia Prima 03',500,10000,5,1);
INSERT INTO QUESERA.ALMACEN (ID_ALMACEN,NOMBRE_ALMACEN,AREA_ALMACEN,VOLUMEN_ALMACEN,TEMP_ALMACENINT,ID_TIPO_ALMACEN) VALUES (4,'Materia Prima 04',500,10000,15,1);
INSERT INTO QUESERA.ALMACEN (ID_ALMACEN,NOMBRE_ALMACEN,AREA_ALMACEN,VOLUMEN_ALMACEN,TEMP_ALMACENINT,ID_TIPO_ALMACEN) VALUES (5,'Materia Prima 05',500,10000,10,1);
INSERT INTO QUESERA.ALMACEN (ID_ALMACEN,NOMBRE_ALMACEN,AREA_ALMACEN,VOLUMEN_ALMACEN,TEMP_ALMACENINT,ID_TIPO_ALMACEN) VALUES (6,'Terminado 01',500,10000,5,2);
INSERT INTO QUESERA.ALMACEN (ID_ALMACEN,NOMBRE_ALMACEN,AREA_ALMACEN,VOLUMEN_ALMACEN,TEMP_ALMACENINT,ID_TIPO_ALMACEN) VALUES (7,'Terminado 02',500,10000,5,2);
INSERT INTO QUESERA.ALMACEN (ID_ALMACEN,NOMBRE_ALMACEN,AREA_ALMACEN,VOLUMEN_ALMACEN,TEMP_ALMACENINT,ID_TIPO_ALMACEN) VALUES (8,'Terminado 03',500,10000,5,2);
INSERT INTO QUESERA.ALMACEN (ID_ALMACEN,NOMBRE_ALMACEN,AREA_ALMACEN,VOLUMEN_ALMACEN,TEMP_ALMACENINT,ID_TIPO_ALMACEN) VALUES (9,'Terminado 04',500,10000,5,2);
INSERT INTO QUESERA.ALMACEN (ID_ALMACEN,NOMBRE_ALMACEN,AREA_ALMACEN,VOLUMEN_ALMACEN,TEMP_ALMACENINT,ID_TIPO_ALMACEN) VALUES (10,'Terminado 05',500,10000,5,2);
INSERT INTO QUESERA.ALMACEN (ID_ALMACEN,NOMBRE_ALMACEN,AREA_ALMACEN,VOLUMEN_ALMACEN,TEMP_ALMACENINT,ID_TIPO_ALMACEN) VALUES (11,'Deposito 01',500,10000,3,3);
INSERT INTO QUESERA.ALMACEN (ID_ALMACEN,NOMBRE_ALMACEN,AREA_ALMACEN,VOLUMEN_ALMACEN,TEMP_ALMACENINT,ID_TIPO_ALMACEN) VALUES (12,'Deposito 02',500,10000,3,3);
INSERT INTO QUESERA.ALMACEN (ID_ALMACEN,NOMBRE_ALMACEN,AREA_ALMACEN,VOLUMEN_ALMACEN,TEMP_ALMACENINT,ID_TIPO_ALMACEN) VALUES (13,'Deposito 03',500,10000,5,3);
INSERT INTO QUESERA.ALMACEN (ID_ALMACEN,NOMBRE_ALMACEN,AREA_ALMACEN,VOLUMEN_ALMACEN,TEMP_ALMACENINT,ID_TIPO_ALMACEN) VALUES (14,'Deposito 04',500,10000,5,3);
INSERT INTO QUESERA.ALMACEN (ID_ALMACEN,NOMBRE_ALMACEN,AREA_ALMACEN,VOLUMEN_ALMACEN,TEMP_ALMACENINT,ID_TIPO_ALMACEN) VALUES (15,'Deposito 05',500,10000,5,3);



-- SE INSERTAN LOS DATOS EN LA TABLA DE TIPO_MATERIA_PRIMA

INSERT INTO QUESERA.TIPO_MATERIA_PRIMA (ID_TIPO_MATERIA,TIPO_MATERIA,DESCRIP_TIPO_MATERIA,PROVEEDOR_MATERIA,CANT_TIPO_MATERIA,LOTE_TIPO_MATERIA) VALUES (1,'Lacteo','Leche','Provee_01',400,'400010622');
INSERT INTO QUESERA.TIPO_MATERIA_PRIMA (ID_TIPO_MATERIA,TIPO_MATERIA,DESCRIP_TIPO_MATERIA,PROVEEDOR_MATERIA,CANT_TIPO_MATERIA,LOTE_TIPO_MATERIA) VALUES (2,'Suero Normal','Suero Normal para cuajar','Provee_02',1,'3200522');
INSERT INTO QUESERA.TIPO_MATERIA_PRIMA (ID_TIPO_MATERIA,TIPO_MATERIA,DESCRIP_TIPO_MATERIA,PROVEEDOR_MATERIA,CANT_TIPO_MATERIA,LOTE_TIPO_MATERIA) VALUES (3,'Suero Agrio','Suero Agrio para Cuajar','Provee_02',1,'3200522');
INSERT INTO QUESERA.TIPO_MATERIA_PRIMA (ID_TIPO_MATERIA,TIPO_MATERIA,DESCRIP_TIPO_MATERIA,PROVEEDOR_MATERIA,CANT_TIPO_MATERIA,LOTE_TIPO_MATERIA) VALUES (4,'Aditivo','Condimento (Sal, Azucar, ETC)','Provee_03',1,'SAL500622');
INSERT INTO QUESERA.TIPO_MATERIA_PRIMA (ID_TIPO_MATERIA,TIPO_MATERIA,DESCRIP_TIPO_MATERIA,PROVEEDOR_MATERIA,CANT_TIPO_MATERIA,LOTE_TIPO_MATERIA) VALUES (5,'Moldes','Moldes para los  productos','Provee_06',500,'MOL10001');
INSERT INTO QUESERA.TIPO_MATERIA_PRIMA (ID_TIPO_MATERIA,TIPO_MATERIA,DESCRIP_TIPO_MATERIA,PROVEEDOR_MATERIA,CANT_TIPO_MATERIA,LOTE_TIPO_MATERIA) VALUES (6,'Envases','Envases para los Productos','Provee_04',500,'BG100001');
INSERT INTO QUESERA.TIPO_MATERIA_PRIMA (ID_TIPO_MATERIA,TIPO_MATERIA,DESCRIP_TIPO_MATERIA,PROVEEDOR_MATERIA,CANT_TIPO_MATERIA,LOTE_TIPO_MATERIA) VALUES (7,'Empaque','Empaques para los productos','Provee_05',500,'BE100001');
INSERT INTO QUESERA.TIPO_MATERIA_PRIMA (ID_TIPO_MATERIA,TIPO_MATERIA,DESCRIP_TIPO_MATERIA,PROVEEDOR_MATERIA,CANT_TIPO_MATERIA,LOTE_TIPO_MATERIA) VALUES (8,'Etiquetado','Etiquetas de Productos','Provee_07',1000,'ET1000001');
 
 
 
-- SE INSERTAN LOS DATOS EN LA TABLA DE MATERIA_PRIMA

INSERT INTO QUESERA.MATERIA_PRIMA (ID_MATERIA,MATERIA,DESCRIP_MATERIA,ID_ALMACEN,ID_TIPO_MATERIA,CANT_MATERIA,LOTE_MATERIA,ID_PROVEEDOR) VALUES (1,'Leche','Leche Liquida',1,1,400,'400010622',1);
INSERT INTO QUESERA.MATERIA_PRIMA (ID_MATERIA,MATERIA,DESCRIP_MATERIA,ID_ALMACEN,ID_TIPO_MATERIA,CANT_MATERIA,LOTE_MATERIA,ID_PROVEEDOR) VALUES (2,'Suero','Suero para Queso',1,2,3,'3200522',2);
INSERT INTO QUESERA.MATERIA_PRIMA (ID_MATERIA,MATERIA,DESCRIP_MATERIA,ID_ALMACEN,ID_TIPO_MATERIA,CANT_MATERIA,LOTE_MATERIA,ID_PROVEEDOR) VALUES (3,'Bolsas Pequeñas','Bolsas para Guardar Quesos',4,6,500,'BG100001',3);
INSERT INTO QUESERA.MATERIA_PRIMA (ID_MATERIA,MATERIA,DESCRIP_MATERIA,ID_ALMACEN,ID_TIPO_MATERIA,CANT_MATERIA,LOTE_MATERIA,ID_PROVEEDOR) VALUES (4,'Bolsas Grandes','Bolsas para Guardar Quesos',4,6,500,'BP100001',3);
INSERT INTO QUESERA.MATERIA_PRIMA (ID_MATERIA,MATERIA,DESCRIP_MATERIA,ID_ALMACEN,ID_TIPO_MATERIA,CANT_MATERIA,LOTE_MATERIA,ID_PROVEEDOR) VALUES (5,'Sal','Sal Para Quesos',1,4,50,'SAL500622',4);
INSERT INTO QUESERA.MATERIA_PRIMA (ID_MATERIA,MATERIA,DESCRIP_MATERIA,ID_ALMACEN,ID_TIPO_MATERIA,CANT_MATERIA,LOTE_MATERIA,ID_PROVEEDOR) VALUES (6,'Azucar','Azucar',1,4,10,'AZU100622',4);
INSERT INTO QUESERA.MATERIA_PRIMA (ID_MATERIA,MATERIA,DESCRIP_MATERIA,ID_ALMACEN,ID_TIPO_MATERIA,CANT_MATERIA,LOTE_MATERIA,ID_PROVEEDOR) VALUES (7,'Bolsas de Empaque','Bolsas de Empaque al Vacio',4,7,1000,'BE100001',5);
INSERT INTO QUESERA.MATERIA_PRIMA (ID_MATERIA,MATERIA,DESCRIP_MATERIA,ID_ALMACEN,ID_TIPO_MATERIA,CANT_MATERIA,LOTE_MATERIA,ID_PROVEEDOR) VALUES (8,'Moldes01','Molde para Queso Duro',4,5,10,'MOL10001',6);
INSERT INTO QUESERA.MATERIA_PRIMA (ID_MATERIA,MATERIA,DESCRIP_MATERIA,ID_ALMACEN,ID_TIPO_MATERIA,CANT_MATERIA,LOTE_MATERIA,ID_PROVEEDOR) VALUES (9,'Moldes02','Molde para Queso Semi Duro',4,5,10,'MOL20001',6);
INSERT INTO QUESERA.MATERIA_PRIMA (ID_MATERIA,MATERIA,DESCRIP_MATERIA,ID_ALMACEN,ID_TIPO_MATERIA,CANT_MATERIA,LOTE_MATERIA,ID_PROVEEDOR) VALUES (10,'Moldes03','Molde para Queso Madurado',4,5,10,'MOL30001',6);
INSERT INTO QUESERA.MATERIA_PRIMA (ID_MATERIA,MATERIA,DESCRIP_MATERIA,ID_ALMACEN,ID_TIPO_MATERIA,CANT_MATERIA,LOTE_MATERIA,ID_PROVEEDOR) VALUES (11,'Moldes04','Molde para Queso Parmesano',4,5,10,'MOL40001',6);
INSERT INTO QUESERA.MATERIA_PRIMA (ID_MATERIA,MATERIA,DESCRIP_MATERIA,ID_ALMACEN,ID_TIPO_MATERIA,CANT_MATERIA,LOTE_MATERIA,ID_PROVEEDOR) VALUES (12,'Moldes05','Molde para Queso de Año',4,5,10,'MOL50001',6);
INSERT INTO QUESERA.MATERIA_PRIMA (ID_MATERIA,MATERIA,DESCRIP_MATERIA,ID_ALMACEN,ID_TIPO_MATERIA,CANT_MATERIA,LOTE_MATERIA,ID_PROVEEDOR) VALUES (13,'Moldes06','Molde para Queso Mozzarella',4,5,10,'MOL60001',6);
INSERT INTO QUESERA.MATERIA_PRIMA (ID_MATERIA,MATERIA,DESCRIP_MATERIA,ID_ALMACEN,ID_TIPO_MATERIA,CANT_MATERIA,LOTE_MATERIA,ID_PROVEEDOR) VALUES (14,'Moldes07','Molde para Manteca',4,5,10,'MOL70001',6);
INSERT INTO QUESERA.MATERIA_PRIMA (ID_MATERIA,MATERIA,DESCRIP_MATERIA,ID_ALMACEN,ID_TIPO_MATERIA,CANT_MATERIA,LOTE_MATERIA,ID_PROVEEDOR) VALUES (15,'Etriquetas01','Etiquetas para identificar Queso Duro',4,8,1000,'ET1000001',7);
INSERT INTO QUESERA.MATERIA_PRIMA (ID_MATERIA,MATERIA,DESCRIP_MATERIA,ID_ALMACEN,ID_TIPO_MATERIA,CANT_MATERIA,LOTE_MATERIA,ID_PROVEEDOR) VALUES (16,'Etriquetas02','Etiquetas para identificar Queso Semi Duro',4,8,1000,'ET2000001',7);
INSERT INTO QUESERA.MATERIA_PRIMA (ID_MATERIA,MATERIA,DESCRIP_MATERIA,ID_ALMACEN,ID_TIPO_MATERIA,CANT_MATERIA,LOTE_MATERIA,ID_PROVEEDOR) VALUES (17,'Etriquetas03','Etiquetas para identificar Queso Madurado',4,8,1000,'ET3000001',7);
INSERT INTO QUESERA.MATERIA_PRIMA (ID_MATERIA,MATERIA,DESCRIP_MATERIA,ID_ALMACEN,ID_TIPO_MATERIA,CANT_MATERIA,LOTE_MATERIA,ID_PROVEEDOR) VALUES (18,'Etriquetas04','Etiquetas para identificar Queso Parmesano',4,8,1000,'ET4000001',7);
INSERT INTO QUESERA.MATERIA_PRIMA (ID_MATERIA,MATERIA,DESCRIP_MATERIA,ID_ALMACEN,ID_TIPO_MATERIA,CANT_MATERIA,LOTE_MATERIA,ID_PROVEEDOR) VALUES (19,'Etriquetas05','Etiquetas para identificar Queso de Año',4,8,1000,'ET5000001',7);
INSERT INTO QUESERA.MATERIA_PRIMA (ID_MATERIA,MATERIA,DESCRIP_MATERIA,ID_ALMACEN,ID_TIPO_MATERIA,CANT_MATERIA,LOTE_MATERIA,ID_PROVEEDOR) VALUES (20,'Etriquetas06','Etiquetas para identificar Queso Mozzarella',4,8,1000,'ET6000001',7);
INSERT INTO QUESERA.MATERIA_PRIMA (ID_MATERIA,MATERIA,DESCRIP_MATERIA,ID_ALMACEN,ID_TIPO_MATERIA,CANT_MATERIA,LOTE_MATERIA,ID_PROVEEDOR) VALUES (21,'Etriquetas07','Etiquetas para identificar Manteca',4,8,1000,'ET7000001',7);


-- SE INSERTAN LOS DATOS EN LA TABLA DE TIPO_PRODUCTO

INSERT INTO QUESERA.TIPO_PRODUCTO (ID_TIPO_PRODUCTO,TIPO_PRODUCTO,DETALLES,CANTIDAD_TP) VALUES (1,'Queso_01','Quedo Duro',15);
INSERT INTO QUESERA.TIPO_PRODUCTO (ID_TIPO_PRODUCTO,TIPO_PRODUCTO,DETALLES,CANTIDAD_TP) VALUES (2,'Queso_02','Queso Semi Duro',15);
INSERT INTO QUESERA.TIPO_PRODUCTO (ID_TIPO_PRODUCTO,TIPO_PRODUCTO,DETALLES,CANTIDAD_TP) VALUES (3,'Queso_03','Queso Madurado',15);
INSERT INTO QUESERA.TIPO_PRODUCTO (ID_TIPO_PRODUCTO,TIPO_PRODUCTO,DETALLES,CANTIDAD_TP) VALUES (4,'Queso_04','Quedo de Año',15);
INSERT INTO QUESERA.TIPO_PRODUCTO (ID_TIPO_PRODUCTO,TIPO_PRODUCTO,DETALLES,CANTIDAD_TP) VALUES (5,'Queso_05','Queso Parmesano',5);
INSERT INTO QUESERA.TIPO_PRODUCTO (ID_TIPO_PRODUCTO,TIPO_PRODUCTO,DETALLES,CANTIDAD_TP) VALUES (6,'Queso_06','Queso Mozzarella',5);
INSERT INTO QUESERA.TIPO_PRODUCTO (ID_TIPO_PRODUCTO,TIPO_PRODUCTO,DETALLES,CANTIDAD_TP) VALUES (7,'Manteca','Manteca',3);
INSERT INTO QUESERA.TIPO_PRODUCTO (ID_TIPO_PRODUCTO,TIPO_PRODUCTO,DETALLES,CANTIDAD_TP) VALUES (8,'Nata','Nata',3);
INSERT INTO QUESERA.TIPO_PRODUCTO (ID_TIPO_PRODUCTO,TIPO_PRODUCTO,DETALLES,CANTIDAD_TP) VALUES (9,'Queso_Crema','Queso Crema',3);
INSERT INTO QUESERA.TIPO_PRODUCTO (ID_TIPO_PRODUCTO,TIPO_PRODUCTO,DETALLES,CANTIDAD_TP) VALUES (10,'Yogourt','Yogourt',3);



-- SE INSERTAN LOS DATOS EN LA TABLA DE PRODUCTO_TERMINADO
 
INSERT INTO QUESERA.PRODUCTO_TERMINADO (ID_PRODUCTOS,NOMBRE_PRODUCTO,STOCK_ACTUAL,STOCK_MINIMO,STOCK_MAXIMO,PRECIO,ID_TIPO_PRODUCTO,ID_ALMACEN) VALUES (1,'Quedo Duro',100,30,200,950.00,1,6);
INSERT INTO QUESERA.PRODUCTO_TERMINADO (ID_PRODUCTOS,NOMBRE_PRODUCTO,STOCK_ACTUAL,STOCK_MINIMO,STOCK_MAXIMO,PRECIO,ID_TIPO_PRODUCTO,ID_ALMACEN) VALUES (2,'Queso Semi Duro',200,30,300,950.00,2,7);
INSERT INTO QUESERA.PRODUCTO_TERMINADO (ID_PRODUCTOS,NOMBRE_PRODUCTO,STOCK_ACTUAL,STOCK_MINIMO,STOCK_MAXIMO,PRECIO,ID_TIPO_PRODUCTO,ID_ALMACEN) VALUES (3,'Queso Madurado',50,15,70,1000.00,3,8); 
INSERT INTO QUESERA.PRODUCTO_TERMINADO (ID_PRODUCTOS,NOMBRE_PRODUCTO,STOCK_ACTUAL,STOCK_MINIMO,STOCK_MAXIMO,PRECIO,ID_TIPO_PRODUCTO,ID_ALMACEN) VALUES (4,'Manteca',70,10,100,200.00,7,11); 
INSERT INTO QUESERA.PRODUCTO_TERMINADO (ID_PRODUCTOS,NOMBRE_PRODUCTO,STOCK_ACTUAL,STOCK_MINIMO,STOCK_MAXIMO,PRECIO,ID_TIPO_PRODUCTO,ID_ALMACEN) VALUES (5,'Quedo de Año',10,5,40,1000.00,4,12); 
INSERT INTO QUESERA.PRODUCTO_TERMINADO (ID_PRODUCTOS,NOMBRE_PRODUCTO,STOCK_ACTUAL,STOCK_MINIMO,STOCK_MAXIMO,PRECIO,ID_TIPO_PRODUCTO,ID_ALMACEN) VALUES (6,'Queso Parmesano',25,10,50,2500.00,5,13); 
INSERT INTO QUESERA.PRODUCTO_TERMINADO (ID_PRODUCTOS,NOMBRE_PRODUCTO,STOCK_ACTUAL,STOCK_MINIMO,STOCK_MAXIMO,PRECIO,ID_TIPO_PRODUCTO,ID_ALMACEN) VALUES (7,'Queso Mozzarella',25,10,50,500.00,6,14); 
INSERT INTO QUESERA.PRODUCTO_TERMINADO (ID_PRODUCTOS,NOMBRE_PRODUCTO,STOCK_ACTUAL,STOCK_MINIMO,STOCK_MAXIMO,PRECIO,ID_TIPO_PRODUCTO,ID_ALMACEN) VALUES (8,'Nata',20,5,35,500.00,8,11);
INSERT INTO QUESERA.PRODUCTO_TERMINADO (ID_PRODUCTOS,NOMBRE_PRODUCTO,STOCK_ACTUAL,STOCK_MINIMO,STOCK_MAXIMO,PRECIO,ID_TIPO_PRODUCTO,ID_ALMACEN) VALUES (9,'Queso Crema',20,5,35,900.00,9,11);
INSERT INTO QUESERA.PRODUCTO_TERMINADO (ID_PRODUCTOS,NOMBRE_PRODUCTO,STOCK_ACTUAL,STOCK_MINIMO,STOCK_MAXIMO,PRECIO,ID_TIPO_PRODUCTO,ID_ALMACEN) VALUES (10,'Yogourt',20,5,35,200.00,10,11);


  
   -- SE INSERTAN LOS DATOS EN LA TABLA DE DETALLE_PRODUCCION

INSERT INTO QUESERA.DETALLE_PRODUCCION (ID_DETALLE_PROD,ID_MATERIA,ID_PRODUCCION,CANTIDAD_TP,ID_PRODUCTOS) VALUES (1,1,1,100,1);
INSERT INTO QUESERA.DETALLE_PRODUCCION (ID_DETALLE_PROD,ID_MATERIA,ID_PRODUCCION,CANTIDAD_TP,ID_PRODUCTOS) VALUES (2,2,1,1,1);
INSERT INTO QUESERA.DETALLE_PRODUCCION (ID_DETALLE_PROD,ID_MATERIA,ID_PRODUCCION,CANTIDAD_TP,ID_PRODUCTOS) VALUES (3,4,1,1,1);
INSERT INTO QUESERA.DETALLE_PRODUCCION (ID_DETALLE_PROD,ID_MATERIA,ID_PRODUCCION,CANTIDAD_TP,ID_PRODUCTOS) VALUES (4,1,2,100,2);
INSERT INTO QUESERA.DETALLE_PRODUCCION (ID_DETALLE_PROD,ID_MATERIA,ID_PRODUCCION,CANTIDAD_TP,ID_PRODUCTOS) VALUES (5,2,2,1,2);
INSERT INTO QUESERA.DETALLE_PRODUCCION (ID_DETALLE_PROD,ID_MATERIA,ID_PRODUCCION,CANTIDAD_TP,ID_PRODUCTOS) VALUES (6,4,2,1,2);
INSERT INTO QUESERA.DETALLE_PRODUCCION (ID_DETALLE_PROD,ID_MATERIA,ID_PRODUCCION,CANTIDAD_TP,ID_PRODUCTOS) VALUES (7,1,3,100,2);
INSERT INTO QUESERA.DETALLE_PRODUCCION (ID_DETALLE_PROD,ID_MATERIA,ID_PRODUCCION,CANTIDAD_TP,ID_PRODUCTOS) VALUES (8,2,3,1,2);
INSERT INTO QUESERA.DETALLE_PRODUCCION (ID_DETALLE_PROD,ID_MATERIA,ID_PRODUCCION,CANTIDAD_TP,ID_PRODUCTOS) VALUES (9,4,3,1,2);
INSERT INTO QUESERA.DETALLE_PRODUCCION (ID_DETALLE_PROD,ID_MATERIA,ID_PRODUCCION,CANTIDAD_TP,ID_PRODUCTOS) VALUES (10,1,4,100,2);
INSERT INTO QUESERA.DETALLE_PRODUCCION (ID_DETALLE_PROD,ID_MATERIA,ID_PRODUCCION,CANTIDAD_TP,ID_PRODUCTOS) VALUES (11,2,4,1,2);
INSERT INTO QUESERA.DETALLE_PRODUCCION (ID_DETALLE_PROD,ID_MATERIA,ID_PRODUCCION,CANTIDAD_TP,ID_PRODUCTOS) VALUES (12,4,4,1,2);
INSERT INTO QUESERA.DETALLE_PRODUCCION (ID_DETALLE_PROD,ID_MATERIA,ID_PRODUCCION,CANTIDAD_TP,ID_PRODUCTOS) VALUES (13,1,5,100,1);
INSERT INTO QUESERA.DETALLE_PRODUCCION (ID_DETALLE_PROD,ID_MATERIA,ID_PRODUCCION,CANTIDAD_TP,ID_PRODUCTOS) VALUES (14,2,5,1,1);
INSERT INTO QUESERA.DETALLE_PRODUCCION (ID_DETALLE_PROD,ID_MATERIA,ID_PRODUCCION,CANTIDAD_TP,ID_PRODUCTOS) VALUES (15,4,5,1,1);
INSERT INTO QUESERA.DETALLE_PRODUCCION (ID_DETALLE_PROD,ID_MATERIA,ID_PRODUCCION,CANTIDAD_TP,ID_PRODUCTOS) VALUES (16,1,6,100,2);
INSERT INTO QUESERA.DETALLE_PRODUCCION (ID_DETALLE_PROD,ID_MATERIA,ID_PRODUCCION,CANTIDAD_TP,ID_PRODUCTOS) VALUES (17,2,6,1,2);
INSERT INTO QUESERA.DETALLE_PRODUCCION (ID_DETALLE_PROD,ID_MATERIA,ID_PRODUCCION,CANTIDAD_TP,ID_PRODUCTOS) VALUES (18,4,6,1,2);
INSERT INTO QUESERA.DETALLE_PRODUCCION (ID_DETALLE_PROD,ID_MATERIA,ID_PRODUCCION,CANTIDAD_TP,ID_PRODUCTOS) VALUES (19,1,7,100,2);
INSERT INTO QUESERA.DETALLE_PRODUCCION (ID_DETALLE_PROD,ID_MATERIA,ID_PRODUCCION,CANTIDAD_TP,ID_PRODUCTOS) VALUES (20,2,7,1,2);
INSERT INTO QUESERA.DETALLE_PRODUCCION (ID_DETALLE_PROD,ID_MATERIA,ID_PRODUCCION,CANTIDAD_TP,ID_PRODUCTOS) VALUES (21,4,7,1,2);
INSERT INTO QUESERA.DETALLE_PRODUCCION (ID_DETALLE_PROD,ID_MATERIA,ID_PRODUCCION,CANTIDAD_TP,ID_PRODUCTOS) VALUES (22,1,8,100,2);
INSERT INTO QUESERA.DETALLE_PRODUCCION (ID_DETALLE_PROD,ID_MATERIA,ID_PRODUCCION,CANTIDAD_TP,ID_PRODUCTOS) VALUES (23,2,8,1,2);
INSERT INTO QUESERA.DETALLE_PRODUCCION (ID_DETALLE_PROD,ID_MATERIA,ID_PRODUCCION,CANTIDAD_TP,ID_PRODUCTOS) VALUES (24,4,8,1,2);
INSERT INTO QUESERA.DETALLE_PRODUCCION (ID_DETALLE_PROD,ID_MATERIA,ID_PRODUCCION,CANTIDAD_TP,ID_PRODUCTOS) VALUES (25,1,9,100,1);
INSERT INTO QUESERA.DETALLE_PRODUCCION (ID_DETALLE_PROD,ID_MATERIA,ID_PRODUCCION,CANTIDAD_TP,ID_PRODUCTOS) VALUES (26,2,9,1,1);
INSERT INTO QUESERA.DETALLE_PRODUCCION (ID_DETALLE_PROD,ID_MATERIA,ID_PRODUCCION,CANTIDAD_TP,ID_PRODUCTOS) VALUES (27,4,9,1,1);
INSERT INTO QUESERA.DETALLE_PRODUCCION (ID_DETALLE_PROD,ID_MATERIA,ID_PRODUCCION,CANTIDAD_TP,ID_PRODUCTOS) VALUES (28,1,10,100,2);
INSERT INTO QUESERA.DETALLE_PRODUCCION (ID_DETALLE_PROD,ID_MATERIA,ID_PRODUCCION,CANTIDAD_TP,ID_PRODUCTOS) VALUES (29,2,10,1,2);
INSERT INTO QUESERA.DETALLE_PRODUCCION (ID_DETALLE_PROD,ID_MATERIA,ID_PRODUCCION,CANTIDAD_TP,ID_PRODUCTOS) VALUES (30,4,10,1,2);
INSERT INTO QUESERA.DETALLE_PRODUCCION (ID_DETALLE_PROD,ID_MATERIA,ID_PRODUCCION,CANTIDAD_TP,ID_PRODUCTOS) VALUES (31,1,11,100,2);
INSERT INTO QUESERA.DETALLE_PRODUCCION (ID_DETALLE_PROD,ID_MATERIA,ID_PRODUCCION,CANTIDAD_TP,ID_PRODUCTOS) VALUES (32,2,11,1,2);
INSERT INTO QUESERA.DETALLE_PRODUCCION (ID_DETALLE_PROD,ID_MATERIA,ID_PRODUCCION,CANTIDAD_TP,ID_PRODUCTOS) VALUES (33,4,11,1,2);
INSERT INTO QUESERA.DETALLE_PRODUCCION (ID_DETALLE_PROD,ID_MATERIA,ID_PRODUCCION,CANTIDAD_TP,ID_PRODUCTOS) VALUES (34,1,12,100,2);
INSERT INTO QUESERA.DETALLE_PRODUCCION (ID_DETALLE_PROD,ID_MATERIA,ID_PRODUCCION,CANTIDAD_TP,ID_PRODUCTOS) VALUES (35,2,12,1,2);
INSERT INTO QUESERA.DETALLE_PRODUCCION (ID_DETALLE_PROD,ID_MATERIA,ID_PRODUCCION,CANTIDAD_TP,ID_PRODUCTOS) VALUES (36,4,12,1,2);
INSERT INTO QUESERA.DETALLE_PRODUCCION (ID_DETALLE_PROD,ID_MATERIA,ID_PRODUCCION,CANTIDAD_TP,ID_PRODUCTOS) VALUES (37,1,13,100,1);
INSERT INTO QUESERA.DETALLE_PRODUCCION (ID_DETALLE_PROD,ID_MATERIA,ID_PRODUCCION,CANTIDAD_TP,ID_PRODUCTOS) VALUES (38,2,13,1,1);
INSERT INTO QUESERA.DETALLE_PRODUCCION (ID_DETALLE_PROD,ID_MATERIA,ID_PRODUCCION,CANTIDAD_TP,ID_PRODUCTOS) VALUES (39,4,13,1,1);
INSERT INTO QUESERA.DETALLE_PRODUCCION (ID_DETALLE_PROD,ID_MATERIA,ID_PRODUCCION,CANTIDAD_TP,ID_PRODUCTOS) VALUES (40,1,14,100,2);
INSERT INTO QUESERA.DETALLE_PRODUCCION (ID_DETALLE_PROD,ID_MATERIA,ID_PRODUCCION,CANTIDAD_TP,ID_PRODUCTOS) VALUES (41,2,14,1,2);
INSERT INTO QUESERA.DETALLE_PRODUCCION (ID_DETALLE_PROD,ID_MATERIA,ID_PRODUCCION,CANTIDAD_TP,ID_PRODUCTOS) VALUES (42,4,14,1,2);
INSERT INTO QUESERA.DETALLE_PRODUCCION (ID_DETALLE_PROD,ID_MATERIA,ID_PRODUCCION,CANTIDAD_TP,ID_PRODUCTOS) VALUES (43,1,15,100,2);
INSERT INTO QUESERA.DETALLE_PRODUCCION (ID_DETALLE_PROD,ID_MATERIA,ID_PRODUCCION,CANTIDAD_TP,ID_PRODUCTOS) VALUES (44,2,15,1,2);
INSERT INTO QUESERA.DETALLE_PRODUCCION (ID_DETALLE_PROD,ID_MATERIA,ID_PRODUCCION,CANTIDAD_TP,ID_PRODUCTOS) VALUES (45,4,15,1,2);
INSERT INTO QUESERA.DETALLE_PRODUCCION (ID_DETALLE_PROD,ID_MATERIA,ID_PRODUCCION,CANTIDAD_TP,ID_PRODUCTOS) VALUES (46,1,16,100,2);
INSERT INTO QUESERA.DETALLE_PRODUCCION (ID_DETALLE_PROD,ID_MATERIA,ID_PRODUCCION,CANTIDAD_TP,ID_PRODUCTOS) VALUES (47,2,16,1,2);
INSERT INTO QUESERA.DETALLE_PRODUCCION (ID_DETALLE_PROD,ID_MATERIA,ID_PRODUCCION,CANTIDAD_TP,ID_PRODUCTOS) VALUES (48,4,16,1,2);

  
  
 -- SE INSERTAN LOS DATOS EN LA TABLA DE PRODUCCION
 
INSERT INTO QUESERA.PRODUCCION (ID_PRODUCCION,ID_PRODUCTOS,FECHA_INICIO ,FECHA_CADUCA,CANTIDAD_PROD,NUM_LOTE) VALUES (1,1,'01-06-22','30-06-22',15,'QD1501062201');
INSERT INTO QUESERA.PRODUCCION (ID_PRODUCCION,ID_PRODUCTOS,FECHA_INICIO ,FECHA_CADUCA,CANTIDAD_PROD,NUM_LOTE) VALUES (2,2,'01-06-22','30-06-22',15,'QS1501062201');
INSERT INTO QUESERA.PRODUCCION (ID_PRODUCCION,ID_PRODUCTOS,FECHA_INICIO ,FECHA_CADUCA,CANTIDAD_PROD,NUM_LOTE) VALUES (3,2,'01-06-22','30-06-22',15,'QS1501062202');
INSERT INTO QUESERA.PRODUCCION (ID_PRODUCCION,ID_PRODUCTOS,FECHA_INICIO ,FECHA_CADUCA,CANTIDAD_PROD,NUM_LOTE) VALUES (4,2,'01-06-22','30-06-22',15,'QS1501062203');
INSERT INTO QUESERA.PRODUCCION (ID_PRODUCCION,ID_PRODUCTOS,FECHA_INICIO ,FECHA_CADUCA,CANTIDAD_PROD,NUM_LOTE) VALUES (5,1,'02-06-22','01-07-22',15,'QD1502062201');
INSERT INTO QUESERA.PRODUCCION (ID_PRODUCCION,ID_PRODUCTOS,FECHA_INICIO ,FECHA_CADUCA,CANTIDAD_PROD,NUM_LOTE) VALUES (6,2,'02-06-22','01-07-22',15,'QS1502062201');
INSERT INTO QUESERA.PRODUCCION (ID_PRODUCCION,ID_PRODUCTOS,FECHA_INICIO ,FECHA_CADUCA,CANTIDAD_PROD,NUM_LOTE) VALUES (7,2,'02-06-22','01-07-22',15,'QS1502062202');
INSERT INTO QUESERA.PRODUCCION (ID_PRODUCCION,ID_PRODUCTOS,FECHA_INICIO ,FECHA_CADUCA,CANTIDAD_PROD,NUM_LOTE) VALUES (8,2,'02-06-22','01-07-22',15,'QS1502062203');
INSERT INTO QUESERA.PRODUCCION (ID_PRODUCCION,ID_PRODUCTOS,FECHA_INICIO ,FECHA_CADUCA,CANTIDAD_PROD,NUM_LOTE) VALUES (9,1,'03-06-22','02-07-22',15,'QD1503062201');
INSERT INTO QUESERA.PRODUCCION (ID_PRODUCCION,ID_PRODUCTOS,FECHA_INICIO ,FECHA_CADUCA,CANTIDAD_PROD,NUM_LOTE) VALUES (10,2,'03-06-22','02-07-22',15,'QS1503062201');
INSERT INTO QUESERA.PRODUCCION (ID_PRODUCCION,ID_PRODUCTOS,FECHA_INICIO ,FECHA_CADUCA,CANTIDAD_PROD,NUM_LOTE) VALUES (11,2,'03-06-22','02-07-22',15,'QS1503062202');
INSERT INTO QUESERA.PRODUCCION (ID_PRODUCCION,ID_PRODUCTOS,FECHA_INICIO ,FECHA_CADUCA,CANTIDAD_PROD,NUM_LOTE) VALUES (12,2,'03-06-22','02-07-22',15,'QS1503062203');
INSERT INTO QUESERA.PRODUCCION (ID_PRODUCCION,ID_PRODUCTOS,FECHA_INICIO ,FECHA_CADUCA,CANTIDAD_PROD,NUM_LOTE) VALUES (13,1,'04-06-22','03-07-22',15,'QD1504062201');
INSERT INTO QUESERA.PRODUCCION (ID_PRODUCCION,ID_PRODUCTOS,FECHA_INICIO ,FECHA_CADUCA,CANTIDAD_PROD,NUM_LOTE) VALUES (14,2,'04-06-22','03-07-22',15,'QS1504062201');
INSERT INTO QUESERA.PRODUCCION (ID_PRODUCCION,ID_PRODUCTOS,FECHA_INICIO ,FECHA_CADUCA,CANTIDAD_PROD,NUM_LOTE) VALUES (15,2,'04-06-22','03-07-22',15,'QS1504062202');
INSERT INTO QUESERA.PRODUCCION (ID_PRODUCCION,ID_PRODUCTOS,FECHA_INICIO ,FECHA_CADUCA,CANTIDAD_PROD,NUM_LOTE) VALUES (16,2,'04-06-22','03-07-22',15,'QS1504062203');


-- SE INSERTAN LOS DATOS EN LA TABLA DE PRODUCTO_CLIENTES

-- INSERT INTO QUESERA.PRODUCTO_CLIENTES (ID_PRODCLI,ID_CLIENTE,ID_PRODUCTOS,CANTIDAD_PROD) VALUES (1,1,1,1);
INSERT INTO QUESERA.PRODUCTO_CLIENTES (ID_PRODCLI,ID_CLIENTE,ID_PRODUCTOS,CANTIDAD_PROD) VALUES (2,2,2,2);
INSERT INTO QUESERA.PRODUCTO_CLIENTES (ID_PRODCLI,ID_CLIENTE,ID_PRODUCTOS,CANTIDAD_PROD) VALUES (3,3,1,1);
INSERT INTO QUESERA.PRODUCTO_CLIENTES (ID_PRODCLI,ID_CLIENTE,ID_PRODUCTOS,CANTIDAD_PROD) VALUES (4,4,2,2);
INSERT INTO QUESERA.PRODUCTO_CLIENTES (ID_PRODCLI,ID_CLIENTE,ID_PRODUCTOS,CANTIDAD_PROD) VALUES (5,5,1,1);
INSERT INTO QUESERA.PRODUCTO_CLIENTES (ID_PRODCLI,ID_CLIENTE,ID_PRODUCTOS,CANTIDAD_PROD) VALUES (6,6,2,2);
INSERT INTO QUESERA.PRODUCTO_CLIENTES (ID_PRODCLI,ID_CLIENTE,ID_PRODUCTOS,CANTIDAD_PROD) VALUES (7,7,1,3);
INSERT INTO QUESERA.PRODUCTO_CLIENTES (ID_PRODCLI,ID_CLIENTE,ID_PRODUCTOS,CANTIDAD_PROD) VALUES (8,8,2,4);
INSERT INTO QUESERA.PRODUCTO_CLIENTES (ID_PRODCLI,ID_CLIENTE,ID_PRODUCTOS,CANTIDAD_PROD) VALUES (9,9,1,5);
INSERT INTO QUESERA.PRODUCTO_CLIENTES (ID_PRODCLI,ID_CLIENTE,ID_PRODUCTOS,CANTIDAD_PROD) VALUES (10,10,2,4);
INSERT INTO QUESERA.PRODUCTO_CLIENTES (ID_PRODCLI,ID_CLIENTE,ID_PRODUCTOS,CANTIDAD_PROD) VALUES (11,11,1,21);
INSERT INTO QUESERA.PRODUCTO_CLIENTES (ID_PRODCLI,ID_CLIENTE,ID_PRODUCTOS,CANTIDAD_PROD) VALUES (12,12,2,1);
INSERT INTO QUESERA.PRODUCTO_CLIENTES (ID_PRODCLI,ID_CLIENTE,ID_PRODUCTOS,CANTIDAD_PROD) VALUES (13,13,1,1);
INSERT INTO QUESERA.PRODUCTO_CLIENTES (ID_PRODCLI,ID_CLIENTE,ID_PRODUCTOS,CANTIDAD_PROD) VALUES (14,14,2,1);
INSERT INTO QUESERA.PRODUCTO_CLIENTES (ID_PRODCLI,ID_CLIENTE,ID_PRODUCTOS,CANTIDAD_PROD) VALUES (15,15,1,1);
INSERT INTO QUESERA.PRODUCTO_CLIENTES (ID_PRODCLI,ID_CLIENTE,ID_PRODUCTOS,CANTIDAD_PROD) VALUES (16,16,1,5);
INSERT INTO QUESERA.PRODUCTO_CLIENTES (ID_PRODCLI,ID_CLIENTE,ID_PRODUCTOS,CANTIDAD_PROD) VALUES (17,17,1,6);
INSERT INTO QUESERA.PRODUCTO_CLIENTES (ID_PRODCLI,ID_CLIENTE,ID_PRODUCTOS,CANTIDAD_PROD) VALUES (18,18,1,5);
INSERT INTO QUESERA.PRODUCTO_CLIENTES (ID_PRODCLI,ID_CLIENTE,ID_PRODUCTOS,CANTIDAD_PROD) VALUES (19,19,1,2);
INSERT INTO QUESERA.PRODUCTO_CLIENTES (ID_PRODCLI,ID_CLIENTE,ID_PRODUCTOS,CANTIDAD_PROD) VALUES (20,20,1,4);
INSERT INTO QUESERA.PRODUCTO_CLIENTES (ID_PRODCLI,ID_CLIENTE,ID_PRODUCTOS,CANTIDAD_PROD) VALUES (21,21,1,2);
INSERT INTO QUESERA.PRODUCTO_CLIENTES (ID_PRODCLI,ID_CLIENTE,ID_PRODUCTOS,CANTIDAD_PROD) VALUES (22,22,2,5);
INSERT INTO QUESERA.PRODUCTO_CLIENTES (ID_PRODCLI,ID_CLIENTE,ID_PRODUCTOS,CANTIDAD_PROD) VALUES (23,23,2,1);
INSERT INTO QUESERA.PRODUCTO_CLIENTES (ID_PRODCLI,ID_CLIENTE,ID_PRODUCTOS,CANTIDAD_PROD) VALUES (24,24,2,3);
INSERT INTO QUESERA.PRODUCTO_CLIENTES (ID_PRODCLI,ID_CLIENTE,ID_PRODUCTOS,CANTIDAD_PROD) VALUES (25,25,2,1);
INSERT INTO QUESERA.PRODUCTO_CLIENTES (ID_PRODCLI,ID_CLIENTE,ID_PRODUCTOS,CANTIDAD_PROD) VALUES (26,26,1,1);
INSERT INTO QUESERA.PRODUCTO_CLIENTES (ID_PRODCLI,ID_CLIENTE,ID_PRODUCTOS,CANTIDAD_PROD) VALUES (27,27,2,4);
INSERT INTO QUESERA.PRODUCTO_CLIENTES (ID_PRODCLI,ID_CLIENTE,ID_PRODUCTOS,CANTIDAD_PROD) VALUES (28,1,1,1);
INSERT INTO QUESERA.PRODUCTO_CLIENTES (ID_PRODCLI,ID_CLIENTE,ID_PRODUCTOS,CANTIDAD_PROD) VALUES (29,2,1,1);
INSERT INTO QUESERA.PRODUCTO_CLIENTES (ID_PRODCLI,ID_CLIENTE,ID_PRODUCTOS,CANTIDAD_PROD) VALUES (30,3,1,2);
INSERT INTO QUESERA.PRODUCTO_CLIENTES (ID_PRODCLI,ID_CLIENTE,ID_PRODUCTOS,CANTIDAD_PROD) VALUES (31,4,2,1);
INSERT INTO QUESERA.PRODUCTO_CLIENTES (ID_PRODCLI,ID_CLIENTE,ID_PRODUCTOS,CANTIDAD_PROD) VALUES (32,1,2,1);
INSERT INTO QUESERA.PRODUCTO_CLIENTES (ID_PRODCLI,ID_CLIENTE,ID_PRODUCTOS,CANTIDAD_PROD) VALUES (33,2,2,1);
INSERT INTO QUESERA.PRODUCTO_CLIENTES (ID_PRODCLI,ID_CLIENTE,ID_PRODUCTOS,CANTIDAD_PROD) VALUES (34,1,1,2);
INSERT INTO QUESERA.PRODUCTO_CLIENTES (ID_PRODCLI,ID_CLIENTE,ID_PRODUCTOS,CANTIDAD_PROD) VALUES (35,10,2,2);
